Algorithm,Threshold(s),Image Cast(s),Assign Volume Property(s),Creating Actor(s),Algorithm Time(s),Configuring Renderer(s),Total Time(s),Total Memory(MB)
Texture Mapper 3D,0.05590002536773682,0.04179999828338623,0.00010001659393310547,0.0,0.0,11.17449996471405,11.272300004959106,738
Volume Ray Cast with Composite Function,0.08670003414154052,0.07159996032714844,0.0,0.0015000343322753907,0.0,1.7931999683380127,1.952999997138977,454
Fixed Point Ray Cast Mapper,0.062199950218200684,0.043000006675720216,9.999275207519531e-05,0.009200024604797363,0.0,1.9825000286102294,2.097000002861023,458
GPU Ray Cast Mapper,0.05470001697540283,0.05150001049041748,0.0,0.032699966430664064,0.0,0.8975000143051147,1.0364000082015992,323
Texture Mapper 2D,0.05469999313354492,0.044700026512145996,9.999275207519531e-05,0.0008999586105346679,0.0,1.8540000200271607,1.9543999910354615,452

Lap Times,10
